{"Version":0,"Id":"Security Principles","MissionName":"Change Management","ObjectiveText":"Learn about the 5 phases of Change Management ","HomeSystem":"","ConnectToRootDevice":true,"FilesToRestore":[],"FilesToRemove":[],"CustomNetworkName":"169","NextResourcesMissionIndex":-1,"StatisticsTimerEasy":0,"StatisticsTimerMedium":0,"StatisticsTimerHard":0,"SpecialAvatarIndex":-1,"NotesCharacter":0,"MapColor":{"_colorLightSingle":{"r":0.6431372761726379,"g":0.658823549747467,"b":0.8196078538894653,"a":1.0},"_colorLightSecondary":{"r":0.6431372761726379,"g":0.658823549747467,"b":0.8196078538894653,"a":1.0},"_colorGround":{"r":0.08627451211214066,"g":0.12156862765550614,"b":0.24313725531101228,"a":1.0}},"MusicSnapshotIndex":0,"ToolbarAppsStates":[{"Application":0,"Locked":false,"IsEnabled":true},{"Application":1,"Locked":false,"IsEnabled":true},{"Application":2,"Locked":false,"IsEnabled":true},{"Application":3,"Locked":false,"IsEnabled":true},{"Application":5,"Locked":false,"IsEnabled":true}],"ForgeSyncData":{"creatorId":"","missionGUID":"","lastUpdateUNIXTimeStamp":0,"missionForgeApiId":0},"StorySteps":[{"Id":"Step_0","GoalName":"","OrderProcessingType":1,"CommandsWhenStart":["unlockapplist cd%0acat%0als -1","miniscript setTerminalSize(2)"],"AfterGoalsSteps":[],"CommandsWaitingFor":[{"Name":"skip","DeviceName":"","ArgsWaitingFor":[]}],"BlockOfGoalsStepsIds":[],"BlockOfGoalsNextStepId":"","BlockOfGoalsOptionalGoal":false,"BlockOfGoalsHiddenGoal":false},{"Id":"Step_1","GoalName":"","OrderProcessingType":1,"CommandsWhenStart":["nitroapp BusinessRASCAL So+here%e2%80%99s+a+story+from+A+to+Z%2c+we%e2%80%99ve+got+a+mid+sized+financial+services+company%2c+Epitropos+Financial+that+has+recently+faced+several+cyber+security+incidents%2c+including+phishing+attacks+and+ransomware+attempts. _ 0.5 true","smdelay 0.7","nitrocaption 1"],"AfterGoalsSteps":[],"CommandsWaitingFor":[{"Name":"nitrocaption","DeviceName":"","ArgsWaitingFor":["1"]}],"BlockOfGoalsStepsIds":[],"BlockOfGoalsNextStepId":"","BlockOfGoalsOptionalGoal":false,"BlockOfGoalsHiddenGoal":false},{"Id":"Step_2","GoalName":"","OrderProcessingType":1,"CommandsWhenStart":["nitroapp BusinessRASCAL These+incidents+exposed+vulnerabilities+in+their+current+security+protocols+and+highlighted+the+need+for+a+robust+security+framework. _ 0.5 true","smdelay 0.7","nitrocaption 1"],"AfterGoalsSteps":[],"CommandsWaitingFor":[{"Name":"nitrocaption","DeviceName":"","ArgsWaitingFor":["1"]}],"BlockOfGoalsStepsIds":[],"BlockOfGoalsNextStepId":"","BlockOfGoalsOptionalGoal":false,"BlockOfGoalsHiddenGoal":false},{"Id":"Step_3","GoalName":"","OrderProcessingType":1,"CommandsWhenStart":["nitroapp BusinessRASCAL Our+goal+is+to+implement+a+new%2c+comprehensive+cyber+security+policy+that+includes+multi-factor+authentication+(MFA)%2c+regular+security+training+for+employees%2c+updated+firewall+and+antivirus+software+and+a+more+stringent+data+access+control+mechanism. _ 0.5 true","smdelay 0.7","nitrocaption 1"],"AfterGoalsSteps":[],"CommandsWaitingFor":[{"Name":"nitrocaption","DeviceName":"","ArgsWaitingFor":["1"]}],"BlockOfGoalsStepsIds":[],"BlockOfGoalsNextStepId":"","BlockOfGoalsOptionalGoal":false,"BlockOfGoalsHiddenGoal":false},{"Id":"Step_4","GoalName":"","OrderProcessingType":1,"CommandsWhenStart":["miniscript browser(%22http%3a%2f%2fchangemanagement.com%2findex.html%22)","nitroapp BusinessRASCAL I%e2%80%99m+going+to+lead+you+through+a+five+point+plan+as+seen+in+this+slide+I%e2%80%99ve+pulled+up+for+you. _ 0.5 true","smdelay 0.7","nitrocaption 1"],"AfterGoalsSteps":[],"CommandsWaitingFor":[{"Name":"nitrocaption","DeviceName":"","ArgsWaitingFor":["1"]}],"BlockOfGoalsStepsIds":[],"BlockOfGoalsNextStepId":"","BlockOfGoalsOptionalGoal":false,"BlockOfGoalsHiddenGoal":false},{"Id":"Step_5","GoalName":"","OrderProcessingType":1,"CommandsWhenStart":["nitroapp BusinessRASCAL If+your+organization+already+has+a+change+control+process+in+place%2c+then+it+will+be+very+easy+to+implement. _ 0.5 true","smdelay 0.7","nitrocaption 1"],"AfterGoalsSteps":[],"CommandsWaitingFor":[{"Name":"nitrocaption","DeviceName":"","ArgsWaitingFor":["1"]}],"BlockOfGoalsStepsIds":[],"BlockOfGoalsNextStepId":"","BlockOfGoalsOptionalGoal":false,"BlockOfGoalsHiddenGoal":false},{"Id":"Step_6","GoalName":"","OrderProcessingType":1,"CommandsWhenStart":["nitroapp BusinessRASCAL However%2c+if+your+organization+does+not+have+a+process+in+place%2c+this+might+be+very+difficult. _ 0.5 true","smdelay 0.7","nitrocaption 1"],"AfterGoalsSteps":[],"CommandsWaitingFor":[{"Name":"nitrocaption","DeviceName":"","ArgsWaitingFor":["1"]}],"BlockOfGoalsStepsIds":[],"BlockOfGoalsNextStepId":"","BlockOfGoalsOptionalGoal":false,"BlockOfGoalsHiddenGoal":false},{"Id":"Step_7","GoalName":"","OrderProcessingType":1,"CommandsWhenStart":["nitroapp BusinessRASCAL Change+is+hard%2c+especially+for+individuals+that+have+established+ways+of+doing+things. _ 0.5 true","smdelay 0.7","nitrocaption 1"],"AfterGoalsSteps":[],"CommandsWaitingFor":[{"Name":"nitrocaption","DeviceName":"","ArgsWaitingFor":["1"]}],"BlockOfGoalsStepsIds":[],"BlockOfGoalsNextStepId":"","BlockOfGoalsOptionalGoal":false,"BlockOfGoalsHiddenGoal":false},{"Id":"Step_8","GoalName":"","OrderProcessingType":1,"CommandsWhenStart":["nitroapp BusinessRASCAL We+need+to+consider+that+different+generations%2c+cultures+and+functional+areas+in+organizations+have+different+ways+of+working.+And+different+people+have+different+comfort-levels+with+technology. _ 0.5 true","smdelay 0.7","nitrocaption 1"],"AfterGoalsSteps":[],"CommandsWaitingFor":[{"Name":"nitrocaption","DeviceName":"","ArgsWaitingFor":["1"]}],"BlockOfGoalsStepsIds":[],"BlockOfGoalsNextStepId":"","BlockOfGoalsOptionalGoal":false,"BlockOfGoalsHiddenGoal":false},{"Id":"Step_9","GoalName":"","OrderProcessingType":1,"CommandsWhenStart":["nitroapp BusinessRASCAL Our+first+step+is+%3ccolor%3d%2300B7AC%3eassessment+and+planning%3c%2fcolor%3e. _ 0.5 true","smdelay 0.7","nitrocaption 1"],"AfterGoalsSteps":[],"CommandsWaitingFor":[{"Name":"nitrocaption","DeviceName":"","ArgsWaitingFor":["1"]}],"BlockOfGoalsStepsIds":[],"BlockOfGoalsNextStepId":"","BlockOfGoalsOptionalGoal":false,"BlockOfGoalsHiddenGoal":false},{"Id":"Step_10","GoalName":"","OrderProcessingType":1,"CommandsWhenStart":["nitroapp BusinessRASCAL Remember+our+goal+is+to+implement+a+new+cyber+security+policy.+So+we+start+with+identifying+vulnerabilities+by+conducting+a+thorough+security+audit+to+identify+existing+vulnerabilities. _ 0.5 true","smdelay 0.7","nitrocaption 1"],"AfterGoalsSteps":[],"CommandsWaitingFor":[{"Name":"nitrocaption","DeviceName":"","ArgsWaitingFor":["1"]}],"BlockOfGoalsStepsIds":[],"BlockOfGoalsNextStepId":"","BlockOfGoalsOptionalGoal":false,"BlockOfGoalsHiddenGoal":false},{"Id":"Step_11","GoalName":"","OrderProcessingType":1,"CommandsWhenStart":["nitroapp BusinessRASCAL Next+we+engage+key+stakeholders+to+explain+the+necessity+of+the+changes+and+gather+input. _ 0.5 true","smdelay 0.7","nitrocaption 1"],"AfterGoalsSteps":[],"CommandsWaitingFor":[{"Name":"nitrocaption","DeviceName":"","ArgsWaitingFor":["1"]}],"BlockOfGoalsStepsIds":[],"BlockOfGoalsNextStepId":"","BlockOfGoalsOptionalGoal":false,"BlockOfGoalsHiddenGoal":false},{"Id":"Step_12","GoalName":"","OrderProcessingType":1,"CommandsWhenStart":["nitroapp BusinessRASCAL This+is+important%2c+change+is+implemented+with+true+and+transparent+input+from+those+impacted.+And+if+you+can+create+a+sense+of+%e2%80%9cownership%e2%80%9d%2c+users+will+be+more+likely+to+want+the+change+to+succeed. _ 0.5 true","smdelay 0.7","nitrocaption 1"],"AfterGoalsSteps":[],"CommandsWaitingFor":[{"Name":"nitrocaption","DeviceName":"","ArgsWaitingFor":["1"]}],"BlockOfGoalsStepsIds":[],"BlockOfGoalsNextStepId":"","BlockOfGoalsOptionalGoal":false,"BlockOfGoalsHiddenGoal":false},{"Id":"Step_13","GoalName":"","OrderProcessingType":1,"CommandsWhenStart":["nitroapp BusinessRASCAL And+make+sure+you+clearly+define+the+objectives+of+the+new+policy%2c+such+as+reducing+the+risk+of+cyber+attacks%2c+protecting+sensitive+data+and+ensuring+compliance+with+regulations. _ 0.5 true","smdelay 0.7","nitrocaption 1"],"AfterGoalsSteps":[],"CommandsWaitingFor":[{"Name":"nitrocaption","DeviceName":"","ArgsWaitingFor":["1"]}],"BlockOfGoalsStepsIds":[],"BlockOfGoalsNextStepId":"","BlockOfGoalsOptionalGoal":false,"BlockOfGoalsHiddenGoal":false},{"Id":"Step_14","GoalName":"","OrderProcessingType":1,"CommandsWhenStart":["nitroapp BusinessRASCAL This+will+be+a+part+of+the+%3ccolor%3d%2300B7AC%3eR%3c%2fcolor%3eequest+%3ccolor%3d%2300B7AC%3ef%3c%2fcolor%3eor+%3ccolor%3d%2300B7AC%3eC%3c%2fcolor%3ehange+(%3ccolor%3d%2300B7AC%3eRFC%3c%2fcolor%3e).+Along+with+an+explanation+of+why+not+changing+would+be+a+higher+risk+value+than+making+the+change. _ 0.5 true","smdelay 0.7","nitrocaption 1"],"AfterGoalsSteps":[],"CommandsWaitingFor":[{"Name":"nitrocaption","DeviceName":"","ArgsWaitingFor":["1"]}],"BlockOfGoalsStepsIds":[],"BlockOfGoalsNextStepId":"","BlockOfGoalsOptionalGoal":false,"BlockOfGoalsHiddenGoal":false},{"Id":"Step_15","GoalName":"","OrderProcessingType":1,"CommandsWhenStart":["nitroapp BusinessRASCAL Now+it%e2%80%99s+time+to+%3ccolor%3d%2300B7AC%3edevelop+a+change+management+strategy%3c%2fcolor%3e. _ 0.5 true","smdelay 0.7","nitrocaption 1"],"AfterGoalsSteps":[],"CommandsWaitingFor":[{"Name":"nitrocaption","DeviceName":"","ArgsWaitingFor":["1"]}],"BlockOfGoalsStepsIds":[],"BlockOfGoalsNextStepId":"","BlockOfGoalsOptionalGoal":false,"BlockOfGoalsHiddenGoal":false},{"Id":"Step_16","GoalName":"","OrderProcessingType":1,"CommandsWhenStart":["nitroapp BusinessRASCAL First+develop+a+communication+plan+to+inform+all+employees+about+the+upcoming+changes%2c+the+reasons+behind+them+and+the+expected+benefits.+People+never+like+to+feel+as+if+they+don%e2%80%99t+know+what%e2%80%99s+going+on. _ 0.5 true","smdelay 0.7","nitrocaption 1"],"AfterGoalsSteps":[],"CommandsWaitingFor":[{"Name":"nitrocaption","DeviceName":"","ArgsWaitingFor":["1"]}],"BlockOfGoalsStepsIds":[],"BlockOfGoalsNextStepId":"","BlockOfGoalsOptionalGoal":false,"BlockOfGoalsHiddenGoal":false},{"Id":"Step_17","GoalName":"","OrderProcessingType":1,"CommandsWhenStart":["nitroapp BusinessRASCAL Also+implement+training+programs+to+educate+employees+on+the+new+security+protocols%2c+including+how+to+recognize+phishing+attempts+and+the+importance+of+MFA. _ 0.5 true","smdelay 0.7","nitrocaption 1"],"AfterGoalsSteps":[],"CommandsWaitingFor":[{"Name":"nitrocaption","DeviceName":"","ArgsWaitingFor":["1"]}],"BlockOfGoalsStepsIds":[],"BlockOfGoalsNextStepId":"","BlockOfGoalsOptionalGoal":false,"BlockOfGoalsHiddenGoal":false},{"Id":"Step_18","GoalName":"","OrderProcessingType":1,"CommandsWhenStart":["nitroapp BusinessRASCAL Your+organization+might+want+to+create+this+training+in+house%2c+but+there+are+several+good+options+for+third+party+training. _ 0.5 true","smdelay 0.7","nitrocaption 1"],"AfterGoalsSteps":[],"CommandsWaitingFor":[{"Name":"nitrocaption","DeviceName":"","ArgsWaitingFor":["1"]}],"BlockOfGoalsStepsIds":[],"BlockOfGoalsNextStepId":"","BlockOfGoalsOptionalGoal":false,"BlockOfGoalsHiddenGoal":false},{"Id":"Step_19","GoalName":"","OrderProcessingType":1,"CommandsWhenStart":["nitroapp BusinessRASCAL Establish+a+timeline+for+the+implementation+of+the+new+policy%2c+ensuring+that+each+phase+is+manageable+and+realistic. _ 0.5 true","smdelay 0.7","nitrocaption 1"],"AfterGoalsSteps":[],"CommandsWaitingFor":[{"Name":"nitrocaption","DeviceName":"","ArgsWaitingFor":["1"]}],"BlockOfGoalsStepsIds":[],"BlockOfGoalsNextStepId":"","BlockOfGoalsOptionalGoal":false,"BlockOfGoalsHiddenGoal":false},{"Id":"Step_20","GoalName":"","OrderProcessingType":1,"CommandsWhenStart":["nitroapp BusinessRASCAL Again%2c+we+want+to+be+considerate+of+users+comfort+levels.+It%e2%80%99s+more+important+to+go+a+bit+slower+and+have+user+buy+in+than+make+lightning+fast+changes+with+no+one+following+the+new+procedures. _ 0.5 true","smdelay 0.7","nitrocaption 1"],"AfterGoalsSteps":[],"CommandsWaitingFor":[{"Name":"nitrocaption","DeviceName":"","ArgsWaitingFor":["1"]}],"BlockOfGoalsStepsIds":[],"BlockOfGoalsNextStepId":"","BlockOfGoalsOptionalGoal":false,"BlockOfGoalsHiddenGoal":false},{"Id":"Step_21","GoalName":"","OrderProcessingType":1,"CommandsWhenStart":["nitroapp BusinessRASCAL We+need+to+consider+appropriate+maintenance+windows. _ 0.5 true","smdelay 0.7","nitrocaption 1"],"AfterGoalsSteps":[],"CommandsWaitingFor":[{"Name":"nitrocaption","DeviceName":"","ArgsWaitingFor":["1"]}],"BlockOfGoalsStepsIds":[],"BlockOfGoalsNextStepId":"","BlockOfGoalsOptionalGoal":false,"BlockOfGoalsHiddenGoal":false},{"Id":"Step_43","GoalName":"","OrderProcessingType":1,"CommandsWhenStart":["nitroapp BusinessRASCAL A+%3ccolor%3d%2300B7AC%3emaintenance+window%3c%2fcolor%3e+is+a+scheduled+outage+of+service+in+order+to+implement+planned+changes%2c+patches+and%2for+upgrades. _ 0.5 true","smdelay 0.7","nitrocaption 1"],"AfterGoalsSteps":[],"CommandsWaitingFor":[{"Name":"nitrocaption","DeviceName":"","ArgsWaitingFor":["1"]}],"BlockOfGoalsStepsIds":[],"BlockOfGoalsNextStepId":"","BlockOfGoalsOptionalGoal":false,"BlockOfGoalsHiddenGoal":false},{"Id":"Step_22","GoalName":"","OrderProcessingType":1,"CommandsWhenStart":["nitroapp BusinessRASCAL Most+maintenance+windows+are+over+night+or+on+the+weekends+as+not+to+disrupt+regular+working+hours.+However%2c+if+your+organization+is+in+retail%2c+the+holiday+season+is+usually+frozen+as+not+to+upset+sells. _ 0.5 true","smdelay 0.7","nitrocaption 1"],"AfterGoalsSteps":[],"CommandsWaitingFor":[{"Name":"nitrocaption","DeviceName":"","ArgsWaitingFor":["1"]}],"BlockOfGoalsStepsIds":[],"BlockOfGoalsNextStepId":"","BlockOfGoalsOptionalGoal":false,"BlockOfGoalsHiddenGoal":false},{"Id":"Step_23","GoalName":"","OrderProcessingType":1,"CommandsWhenStart":["nitroapp BusinessRASCAL Before+we+talk+about+the+execution+phase%2c+we+need+to+pause+a+moment. _ 0.5 true","smdelay 0.7","nitrocaption 1"],"AfterGoalsSteps":[],"CommandsWaitingFor":[{"Name":"nitrocaption","DeviceName":"","ArgsWaitingFor":["1"]}],"BlockOfGoalsStepsIds":[],"BlockOfGoalsNextStepId":"","BlockOfGoalsOptionalGoal":false,"BlockOfGoalsHiddenGoal":false},{"Id":"Step_24","GoalName":"","OrderProcessingType":1,"CommandsWhenStart":["nitroapp BusinessRASCAL At+this+point%2c+the+Request+for+Change+(RFC)+will+need+to+be+approved+or+denied+before+moving+forward. _ 0.5 true","smdelay 0.7","nitrocaption 1"],"AfterGoalsSteps":[],"CommandsWaitingFor":[{"Name":"nitrocaption","DeviceName":"","ArgsWaitingFor":["1"]}],"BlockOfGoalsStepsIds":[],"BlockOfGoalsNextStepId":"","BlockOfGoalsOptionalGoal":false,"BlockOfGoalsHiddenGoal":false},{"Id":"Step_25","GoalName":"","OrderProcessingType":1,"CommandsWhenStart":["nitroapp BusinessRASCAL If+it+is+denied%2c+it+is+very+important+that+detailed+reasons+for+the+denial+are+listed.+Remember+clear+communication+will+help+determine+if+the+RFC+needs+redefining+or+be+put+to+rest. _ 0.5 true","smdelay 0.7","nitrocaption 1"],"AfterGoalsSteps":[],"CommandsWaitingFor":[{"Name":"nitrocaption","DeviceName":"","ArgsWaitingFor":["1"]}],"BlockOfGoalsStepsIds":[],"BlockOfGoalsNextStepId":"","BlockOfGoalsOptionalGoal":false,"BlockOfGoalsHiddenGoal":false},{"Id":"Step_26","GoalName":"","OrderProcessingType":1,"CommandsWhenStart":["nitroapp BusinessRASCAL Okay%2c+now+on+to+%3ccolor%3d%2300B7AC%3eexecution%3c%2fcolor%3e.+First+thing+is+to+set+up+testing+with+a+sandbox+environment. _ 0.5 true","smdelay 0.7","nitrocaption 1"],"AfterGoalsSteps":[],"CommandsWaitingFor":[{"Name":"nitrocaption","DeviceName":"","ArgsWaitingFor":["1"]}],"BlockOfGoalsStepsIds":[],"BlockOfGoalsNextStepId":"","BlockOfGoalsOptionalGoal":false,"BlockOfGoalsHiddenGoal":false},{"Id":"Step_27","GoalName":"","OrderProcessingType":1,"CommandsWhenStart":["nitroapp BusinessRASCAL A+%3ccolor%3d%2300B7AC%3esandbox+environment%3c%2fcolor%3e+does+not+connect+to+the+real+world+or+production+systems%2c+but+will+be+created+to+represent+your+organizations+current+environment. _ 0.5 true","smdelay 0.7","nitrocaption 1"],"AfterGoalsSteps":[],"CommandsWaitingFor":[{"Name":"nitrocaption","DeviceName":"","ArgsWaitingFor":["1"]}],"BlockOfGoalsStepsIds":[],"BlockOfGoalsNextStepId":"","BlockOfGoalsOptionalGoal":false,"BlockOfGoalsHiddenGoal":false},{"Id":"Step_28","GoalName":"","OrderProcessingType":1,"CommandsWhenStart":["nitroapp BusinessRASCAL This+way+we+can+try+the+upgrade%2c+test+and+confirm+before+deployment. _ 0.5 true","smdelay 0.7","nitrocaption 1"],"AfterGoalsSteps":[],"CommandsWaitingFor":[{"Name":"nitrocaption","DeviceName":"","ArgsWaitingFor":["1"]}],"BlockOfGoalsStepsIds":[],"BlockOfGoalsNextStepId":"","BlockOfGoalsOptionalGoal":false,"BlockOfGoalsHiddenGoal":false},{"Id":"Step_29","GoalName":"","OrderProcessingType":1,"CommandsWhenStart":["nitroapp BusinessRASCAL And+we+can+confirm+our+backout+plan+works. _ 0.5 true","smdelay 0.7","nitrocaption 1"],"AfterGoalsSteps":[],"CommandsWaitingFor":[{"Name":"nitrocaption","DeviceName":"","ArgsWaitingFor":["1"]}],"BlockOfGoalsStepsIds":[],"BlockOfGoalsNextStepId":"","BlockOfGoalsOptionalGoal":false,"BlockOfGoalsHiddenGoal":false},{"Id":"Step_30","GoalName":"","OrderProcessingType":1,"CommandsWhenStart":["nitroapp BusinessRASCAL Believe+or+not%2c+not+everything+goes+as+planned.+We+always+should+have+a+strategy+(the+backout+plan)+to+revert+the+changes+just+in+case+we+need+to. _ 0.5 true","smdelay 0.7","nitrocaption 1"],"AfterGoalsSteps":[],"CommandsWaitingFor":[{"Name":"nitrocaption","DeviceName":"","ArgsWaitingFor":["1"]}],"BlockOfGoalsStepsIds":[],"BlockOfGoalsNextStepId":"","BlockOfGoalsOptionalGoal":false,"BlockOfGoalsHiddenGoal":false},{"Id":"Step_31","GoalName":"","OrderProcessingType":1,"CommandsWhenStart":["nitroapp BusinessRASCAL Of+course+having+good+backups+is+always+a+great+idea.+But+it+is+better+to+be+able+to+roll+back+changes+if+needed+over+restoring+backups. _ 0.5 true","smdelay 0.7","nitrocaption 1"],"AfterGoalsSteps":[],"CommandsWaitingFor":[{"Name":"nitrocaption","DeviceName":"","ArgsWaitingFor":["1"]}],"BlockOfGoalsStepsIds":[],"BlockOfGoalsNextStepId":"","BlockOfGoalsOptionalGoal":false,"BlockOfGoalsHiddenGoal":false},{"Id":"Step_32","GoalName":"","OrderProcessingType":1,"CommandsWhenStart":["nitroapp BusinessRASCAL Once+we+are+satisfied+with+our+sandbox+testing%2c+we+can+pilot+test+the+changes+to+specific+departments+to+continue+to+identify+any+issues+and+gather+feedback. _ 0.5 true","smdelay 0.7","nitrocaption 1"],"AfterGoalsSteps":[],"CommandsWaitingFor":[{"Name":"nitrocaption","DeviceName":"","ArgsWaitingFor":["1"]}],"BlockOfGoalsStepsIds":[],"BlockOfGoalsNextStepId":"","BlockOfGoalsOptionalGoal":false,"BlockOfGoalsHiddenGoal":false},{"Id":"Step_33","GoalName":"","OrderProcessingType":1,"CommandsWhenStart":["nitroapp BusinessRASCAL Then+we+gradually+roll+out+the+change%2c+providing+support+and+resources+to+address+any+challenges+that+arise. _ 0.5 true","smdelay 0.7","nitrocaption 1"],"AfterGoalsSteps":[],"CommandsWaitingFor":[{"Name":"nitrocaption","DeviceName":"","ArgsWaitingFor":["1"]}],"BlockOfGoalsStepsIds":[],"BlockOfGoalsNextStepId":"","BlockOfGoalsOptionalGoal":false,"BlockOfGoalsHiddenGoal":false},{"Id":"Step_34","GoalName":"","OrderProcessingType":1,"CommandsWhenStart":["nitroapp BusinessRASCAL It+is+also+good+to+set+up+continuous+monitoring+to+ensure+the+new+security+measures+are+effective+and+to+identify+any+new+vulnerabilities. _ 0.5 true","smdelay 0.7","nitrocaption 1"],"AfterGoalsSteps":[],"CommandsWaitingFor":[{"Name":"nitrocaption","DeviceName":"","ArgsWaitingFor":["1"]}],"BlockOfGoalsStepsIds":[],"BlockOfGoalsNextStepId":"","BlockOfGoalsOptionalGoal":false,"BlockOfGoalsHiddenGoal":false},{"Id":"Step_35","GoalName":"","OrderProcessingType":1,"CommandsWhenStart":["nitroapp BusinessRASCAL %3ccolor%3d%2300B7AC%3eEvaluation+and+feedback%3c%2fcolor%3e+is+the+next+phase.+This+is+where+we+collect+feedback+from+employees+on+the+new+policy+and+its+implementation+process. _ 0.5 true","smdelay 0.7","nitrocaption 1"],"AfterGoalsSteps":[],"CommandsWaitingFor":[{"Name":"nitrocaption","DeviceName":"","ArgsWaitingFor":["1"]}],"BlockOfGoalsStepsIds":[],"BlockOfGoalsNextStepId":"","BlockOfGoalsOptionalGoal":false,"BlockOfGoalsHiddenGoal":false},{"Id":"Step_36","GoalName":"","OrderProcessingType":1,"CommandsWhenStart":["nitroapp BusinessRASCAL With+feedback+along+with+regular+audits%2c+we+can+then+assess+the+effectiveness+of+the+change. _ 0.5 true","smdelay 0.7","nitrocaption 1"],"AfterGoalsSteps":[],"CommandsWaitingFor":[{"Name":"nitrocaption","DeviceName":"","ArgsWaitingFor":["1"]}],"BlockOfGoalsStepsIds":[],"BlockOfGoalsNextStepId":"","BlockOfGoalsOptionalGoal":false,"BlockOfGoalsHiddenGoal":false},{"Id":"Step_37","GoalName":"","OrderProcessingType":1,"CommandsWhenStart":["nitroapp BusinessRASCAL Now+we+can+make+any+necessary+adjustments+based+on+feedback+and+the+audits. _ 0.5 true","smdelay 0.7","nitrocaption 1"],"AfterGoalsSteps":[],"CommandsWaitingFor":[{"Name":"nitrocaption","DeviceName":"","ArgsWaitingFor":["1"]}],"BlockOfGoalsStepsIds":[],"BlockOfGoalsNextStepId":"","BlockOfGoalsOptionalGoal":false,"BlockOfGoalsHiddenGoal":false},{"Id":"Step_38","GoalName":"","OrderProcessingType":1,"CommandsWhenStart":["nitroapp BusinessRASCAL Finally+there+is+the+%3ccolor%3d%2300B7AC%3esustainment%3c%2fcolor%3e+phase.+We+need+to+ensure+our+changes+are+permanent. _ 0.5 true","smdelay 0.7","nitrocaption 1"],"AfterGoalsSteps":[],"CommandsWaitingFor":[{"Name":"nitrocaption","DeviceName":"","ArgsWaitingFor":["1"]}],"BlockOfGoalsStepsIds":[],"BlockOfGoalsNextStepId":"","BlockOfGoalsOptionalGoal":false,"BlockOfGoalsHiddenGoal":false},{"Id":"Step_39","GoalName":"","OrderProcessingType":1,"CommandsWhenStart":["nitroapp BusinessRASCAL We+achieve+this+by+providing+on+going+training+to+keep+employees+updated+on+best+practices. _ 0.5 true","smdelay 0.7","nitrocaption 1"],"AfterGoalsSteps":[],"CommandsWaitingFor":[{"Name":"nitrocaption","DeviceName":"","ArgsWaitingFor":["1"]}],"BlockOfGoalsStepsIds":[],"BlockOfGoalsNextStepId":"","BlockOfGoalsOptionalGoal":false,"BlockOfGoalsHiddenGoal":false},{"Id":"Step_40","GoalName":"","OrderProcessingType":1,"CommandsWhenStart":["nitroapp BusinessRASCAL We+regularly+revise+and+update+the+security+policy+to+adapt+to+new+cyber+threats+and+technological+advancements. _ 0.5 true","smdelay 0.7","nitrocaption 1"],"AfterGoalsSteps":[],"CommandsWaitingFor":[{"Name":"nitrocaption","DeviceName":"","ArgsWaitingFor":["1"]}],"BlockOfGoalsStepsIds":[],"BlockOfGoalsNextStepId":"","BlockOfGoalsOptionalGoal":false,"BlockOfGoalsHiddenGoal":false},{"Id":"Step_41","GoalName":"","OrderProcessingType":1,"CommandsWhenStart":["nitroapp BusinessRASCAL And+we+ensure+that+an+incident+response+plan+is+in+place+to+quickly+address+any+security+breaches. _ 0.5 true","smdelay 0.7","nitrocaption 1"],"AfterGoalsSteps":[],"CommandsWaitingFor":[{"Name":"nitrocaption","DeviceName":"","ArgsWaitingFor":["1"]}],"BlockOfGoalsStepsIds":[],"BlockOfGoalsNextStepId":"","BlockOfGoalsOptionalGoal":false,"BlockOfGoalsHiddenGoal":false},{"Id":"Step_42","GoalName":"","OrderProcessingType":1,"CommandsWhenStart":["nitroapp BusinessRASCAL This+concludes+our+discussion+of+the+five+phases+of+change+management.+I+have+created+a+%e2%80%98choose+your+on+adventure%e2%80%99+style+lab+titled+%e2%80%98%3ccolor%3d%2300B7AC%3eChange+Management%3a+Epitropos+Financial%3c%2fcolor%3e.%e2%80%99+I+encourage+you+to+take+what+you+learned+here+and+test+your+change+management+skills+there. _ 0.5 true","smdelay 0.7","nitrocaption 1"],"AfterGoalsSteps":[],"CommandsWaitingFor":[{"Name":"nitrocaption","DeviceName":"","ArgsWaitingFor":["1"]}],"BlockOfGoalsStepsIds":[],"BlockOfGoalsNextStepId":"","BlockOfGoalsOptionalGoal":false,"BlockOfGoalsHiddenGoal":false}],"Cutscenes":{"hasStartCutscene":true,"startCutscene":{"name":"Change+Management_start","ImageType":7,"textList":[{"Text":"%e2%80%9cChange+is+inevitable%2c+except+from+a+vending+machine.%e2%80%9d+%e2%80%93++Ferris+Bueller","NPC":0,"Emotion":2},{"Text":"All+joking+aside%2c+today+we+are+going+to+walk+through+a+scenario+where+we+implement+a+new+cyber+security+policy+for+a+mid-sized+company.","NPC":0,"Emotion":0},{"Text":"%7bPlayerName%7d%2c+time+to+face+the+change.","NPC":0,"Emotion":3}]},"hasEndCutscene":true,"endCutscene":{"name":"Change+Management_end","ImageType":7,"textList":[{"Text":"%e2%80%9cLife+moves+pretty+fast.%c2%a0If+you+don%27t+stop+and+look+around+once+in+a+while%2c+you+might+miss+it.%e2%80%9d+%e2%80%93+Ferris+Bueller","NPC":0,"Emotion":2}]},"hasFailCutscene":false,"failCutscene":{"name":"","ImageType":0,"textList":[]}},"IsMiniscriptDriven":false,"Miniscript":"","LocalizationEntries":[],"EncryptedStorySteps":"","PublishedMissionId":0,"LastChangeDate":0.0}